age,sex,bmi,bp,s1,s2,s3,s4,s5,s6
0.038075906,-0.04464164,0.061696207,0.021872354,-0.044223498,-0.03482076,-0.043400846,-0.002592262,0.01990749,-0.017646125
-0.001882016,0.05068012,-0.05147406,-0.026327356,-0.008448725,-0.01916334,0.074411564,-0.039493382,-0.068331546,-0.09220405